{"cameraMode":{"drawMode":0,"name":"Shaded","section":"Shading Mode"},"sceneLighting":true,"audioPlay":false,"sceneViewState":{"m_AlwaysRefresh":false,"showFog":true,"showSkybox":true,"showFlares":true,"showImageEffects":true,"showParticleSystems":true,"showVisualEffectGraphs":true,"m_FxEnabled":true},"in2DMode":false,"pivot":{"x":-0.8291263580322266,"y":3.0882034301757814,"z":-1.4080743789672852},"rotation":{"x":-0.08788727223873139,"y":0.9055196642875671,"z":-0.23055151104927064,"w":-0.3451882302761078},"size":6.594016075134277,"orthographic":false}